amplicon name,sequence
AJ271792-1_Artemisia_annua_putative_sesquiterpene_cyclase,"gtGGTATCAACGCAGAGTGGCCATTATGGCCGGGGAATATCAAACTCGCAAGATTTTGAG
ATGTCGACTCTTCCTATTTCTAGTGTTTCTTTCTCTTCATCTACGTCACCTTTGGTTGTT
GATGATAAAGTTAGCACGAAACCAGATGTTATCCGCCATACCATGAATTTCAATGCTAGC
ATATGGGGAGATCAATTTCTTACATATGATGAGCCAGAAGATTTGGTTATGAAGAAACAA
CTTGTTGAAGAGCTGAAAGAGGAAGTCAAAAAAGAGCTAATAACGATCAAAGGTTCAAAT
GAACCGATGCAGCATGTCAAGTTGATAGAACTTATTGATGCAGTCCAACGGCTTGGCATA
GCCTATCATTTTGAAGAGGAGATTGAAGAAGCCTTGCAACATATCCATGTTACATATGGC
GAGCAGTGGGTCGATAAAGAAAACCTACAAAGCATTTCTCTTTGGTTCCGACTCCTACGA
CAACAAGGCTTCAACGTCTCATCAGGAGTATTCAAAGACTTTATGGACGAGAAGGGAAAA
TTTAAGGAATCCTTATGTAATGATGCTCAGGGAATTCTTGCTCTGTATGAAGCGGCATTT
ATGAGGGTGGAAGATGAAACAATACTAGATAATGCGCTCGAGTTCACTAAAGTTCACCTT
GACATCATAGCCAAGGATCCTTCTTGTGACTCTTCCCTAAGAACCCAAATACACCAAGCG
TTAAAGCAGCCACTTAGGAGAAGGCTGGCAAGGATTGAGGCGTTGCATTACATGCCTATC
TACCAACAAGAAACATCCCACAATGAGGACTTACTGAAGCTTGCAAAATTAGATTTTAGC
GTGCTTCAGTCGATGCACAAAAAGGAACTTAGCCACATTTGCAAATGGTGGAAGGATTTG
GACCTCCAAAATAAGCTTCCTTATGTTCGAGACAGGGTGGTGGAAGGCTATTTTTGGATA
CTATCCATCTATTACGAGCCTCAACATGCTCGAACAAGAATGTTCCTAATGAAAACATGC
ATGTGGTTAGTCGTTTTAGATGATACATTTGATAATTATGGTACTTATGAAGAACTCGAA
ATCTTTACACAAGCTGTTGAAAGATGGTCAATAAGCTGCCTGGATATGCTTCCAGAATAC
ATGAAACTAATATATCAAGAGCTTGTGAATCTTCACGTGGAAATGGAGGAATCACTTGGA
AAAGGAGGGAAAAACATATCAAATTCACTATGTCAAGGAAGATGGCAAAAAGAGTTGGGT
TCGCAAATTACTTTGGTAGAAACCAAGATGGCTAAAAGAGGGGTACATGCCCAACCTCTT
GAGGAGTACATGTCTGTGTCAATGGTGACTGGTACCTATGGCTTGATGATAGCGAGATCT
TATGTCGGCAGGGGTGATATCGTCACCGAGGATACCTTTAAATGGGTGTCCTCGTATCCT
CCTATTATAAAAGCTTCATGTGTGATTGTAAGACTTATGGATGATATTGTCAGCCACAAG
GAGGAACAAGAGAGAGGCCATGTTGCTTCAAGCATCGAATGCTATTCTAAGGAAAGTGGT
GCATCAGAGGAGGAAGCGTGTGAATATATCTCAAGAAAAGTTGAAGATGCATGGAAAGTT
ATAAACCGAGAGTCGCTCAGGCCTACAGCTGTCCCATTTCCTCTACTTATGCCTGCAATC
AACCTTGCACGGATGTGTGAAGTCTTATATAGCGTCAACGATGGCTTCACTCATGCTGAG
GGAGACATGAAAAGTTACATGAAATCGTTCTTCGTTCACCCTATGGTTGTCTAAGATTAT
TCTGTTTGTTCTAATGTACTAATTAATTTGTGGGCTTGTTGCG"
AF374462-1_Citrus_junos_E-beta-farnesene_synthase,"CAACTCCTACTCTTAAAAACAAACTATATAGTTGTATTTGGTTTGTCTGAAACGGAATGA
AAGATATGTCTATTCCACTTCTAGCAGCAGTTTCCAGTTCAACTGAAGAAACTGTTCGTC
CCATTGCAGATTTTCATCCTACCTTATGGGGAAACCATTTCCTGAAATCCGCTGCCGATG
TCGAGACAATTGACGCTGCAACTCAAGAACAGCACGCAGCACTGAAGCAAGAGGTCAGGA
GGATGATAACCACTACTGCCAATAAGCTTGCCCAAAAACTACACATGATTGATGCAGTAC
AACGATTAGGTGTCGCTTATCATTTTGAAAAAGAGATTGAAGATGAATTGGGAAAGGTAT
CTCACGATCTTGACAGTGATGATCTATACGTTGTTTCTCTTCGTTTTCGACTTTTTAGAC
AGCAAGGAGTTAAGATTTCATGTGATGTGTTTGATAAGTTCAAAGATGATGAAGGTAAAT
TCAAGGAATCATTGATCAACGATATACGAGGCATGTTGAGTTTGTACGAGGCAGCATACC
TAGCAATTCGGGGGGAAGACATTTTAGATGAAGCCATTGTTTTCACTACCACTCACCTTA
AGTCAGTAATATCTATATCTGATCATTCTCATGCAAACTCTAATCTTGCTGAACAAATAC
GTCATTCTCTGCAAATTCCTCTCCGTAAAGCCGCAGCAAGGTTAGAGGCAAGGTATTTTT
TGGATATCTATTCAAGGGATGATTTGCATGATGAAACTTTGCTCAAGTTTGCAAAGTTAG
ACTTTAATATATTACAAGCAGCACACCAGAAGGAAGCAAGTATCATGACCAGGTGGTGGA
ACGATTTAGGCTTCCCTAAAAAGGTGCCTTATGCAAGAGATAGAATAATAGAGACATATA
TCTGGATGTTGCTGGGAGTGTCCTATGAGCCCAATTTGGCATTTGGTAGAATTTTTGCAT
CCAAAGTGGTGTGCATGATAACCACAATAGACGACACATTTGATGCTTACGGTACTTTTG
AAGAGCTCACACTTTTTACTGAAGCAGTCACAAGATGGGACATTGGCCTCATAGATACAC
TGCCAGAATACATGAAATTTATTGTCAAGGCACTCTTAGATATTTATAGAGAAGCTGAGG
AAGAATTGGCAAAGGAAGGAAGATCGTACGGCATACCATATGCAAAACAGATGATGCAAG
AATTAATTATATTGTACTTTACCGAAGCCAAGTGGTTATATAAAGGTTATGTTCCAACCT
TCGATGAATACAAATCAGTTGCATTAAGAAGTATCGGTTTACGTACGCTAGCGGTCGCTT
CCTTCGTTGATTTGGGTGATTTTATTGCAACGAAGGACAATTTTGAATGCATTCTTAAAA
ACGCTAAGAGTCTTAAAGCGACAGAAACCATTGGCAGGCTCATGGATGACATAGCAGGTT
ATAAGTTTGAGCAGAAGAGAGGACATAATCCCTCAGCAGTTGAGTGCTACAAGAATCAAC
ATGGCGTCTCCGAGGAAGAGGCAGTTAAAGAATTGTTGTTAGAAGTTGCTAACAGTTGGA
AAGATATAAATGAGGAGCTTCTCAACCCAACGACTGTCCCGTTACCTATGCTTCAACGGC
TTCTTTATTTCGCACGTTCAGGCCATTTTATCTACGACGATGGTCATGATCGCTACACCC
ATTCATTGATGATGAAACGCCAAGTTGCCTTGTTGCTGACGGAACCCCTTGCGATCTGAA
GATTAACGTCATGCTGTTGATTTTCCATCGGGTATATTTGAGCAGTTGTAATAAATGAAG
GTCGCGCTGGCTATTTAGCTAGCTACTCATGCCTGGCTAATAAATGTGTCGCCAATAATA
TGGTTTC"
GQ253104-1_Zea_mays_terpene_synthase_10,"ATGGATGCCACCGCCTTTCACCCAAGTCTGTGGGGCGATTTCTTCGTGAAATACAAGCCT
CCAACCGCGCCCAAGCGTGGACACATGACGGAAAGAGCCGAGCTGTTAAAAGAAGAGGTT
CGCAAAACGCTCAAGGCGGCTGCAAACCAGATAAAAAATGCTTTAGATCTTATAATCACA
CTGCAGAGGCTTGGGCTGGACCACCACTACGAGAATGAGATCAGCGAGCTGCTGCGCTTT
GTCTACAGCAGTTCGGATTACGACGATAAAGACCTGTATGTAGTCTCGCTGAGGTTTTAT
CTTCTGCGGAAACATGGTCATTGTGTTTCATCAGATGTATTTACGAGTTTTAAAGACGAG
GAAGGGAACTTCGTGGTGGATGATACGAAATGTCTCTTGACCTTATACAATGCAGCGTAC
CTTAGGACTCACGGGGAGAAAGTACTCGACGAAGCCATTACCTTCACCAGACGCCAGCTT
GAAGCTTCATTATTAGACCCACTGGAACCGGCATTATTAGCAGATGAAGTATCTCTCACC
CTTCAAACCCCACTCTTCCGAAGGCTTAGGATACTGGAAGCAATAAACTATATCCCAATA
TATGGGAAAGAAGCTGGACGAAACGAGGCCATATTAGAGCTTGCAAAGTTGAATTTCAAC
CTTGCTCAGCTTATTTACTGTGAGGAGTTGAAAGAGGTTACACTATGGTGGAAGCAGCTT
AATGTTGAGACAAACTTGAGTTTCATTCGAGACAGAATCGTAGAATGTCATTTCTGGATG
ACAGGCGCGTGCTGTGAACCACAGTATTCTCTTTCACGAGTCATAGCTACGAAGATGACA
GCCTTGATCACCGTATTAGATGACATGATGGACACCTACAGTACAACTGAGGAGGCCATG
CTCCTTGCTGAAGCAATATACGGATGGGAAGAGAATGCCGCAGAACTACTTCCAGGATAC
ATGAAAGATTTCTATCTCTACTTACTGAAGACAATTGATTCGTGTGGGGATGAACTAGGA
CCAAACAGAAGCTTCCGGACATTTTATCTCAAAGAGATGCTAAAGGTGTTAGTCCGAGGA
AGCTCTCAAGAGATAAAATGGCGTAATGAAAATTACGTTCCGAAAACAATCAGTGAACAC
TTAGAACATTCAGGACCATCTGTGGGAGCCTTTCAAGTAGCATGTTCTTCATTTGTTGGG
ATGGGTGACAGCATAACAAAGGGAAGTTTTGAGTGGCTTTTGACATATCCAGAACTTGCC
AAGTCTCTGATGAATATTGCACGACTCTTGAATGATACTGCATCAACAAAGCGTGAGCAA
AATGCGGGGCACCATGTTTCCACGGTTCAATGTTATATGTTGATGCATGGGACAACGATG
GATGAAGCATGTGAGAAGATAAAAGAGTTAACTGAAGACTCATGGAAAGATATGATGGAA
CTCTATCTTACACCAACAGAACATCCAAAACTCATCGCACAAACTATCGTTGATTTTGCA
AGGACAGCGGACTACATGTACAAGGAAACAGATGGATTTACTTTTTCACACACAATCAAA
GATATGATAGCAAAACTCTTTGTGGATCCAATATCATTATTCTAG"